{
    "thresholds_fold": [
        0.9919742941856384,
        0.9916360378265381,
        0.9950292706489563,
        0.9990447163581848,
        0.9993852376937866
    ],
    "threshold_mean": 0.9954138994216919,
    "threshold_std": 0.0033228127285838127,
    "metrics_mean": {
        "precision": 0.9493295077016007,
        "recall": 0.8230880230880231,
        "f1": 0.8811621881954362,
        "ap": 0.85782829464949,
        "roc_auc": 0.9768554426399975
    },
    "metrics_std": {
        "precision": 0.03330936404301437,
        "recall": 0.03891224029657478,
        "f1": 0.028379768829538847,
        "ap": 0.030340304828399958,
        "roc_auc": 0.007990580581355631
    }
}